model,n,pass1,mean_cost_usd,aubc,aubc_lo,aubc_hi,b_at_50,b_at_80
deepseek-v4-flash,20,0.65,0.011524828,0.2456030151,0.149861809,0.3361871859,0.01295997552,
qwen3.5-27b,27,0.6296296296,0.006869610498,0.3728829332,0.2609063838,0.4796273032,0.007328696767,
