{
  "deepseek-v4-flash": {
    "n": 20,
    "pass1": 0.65,
    "mean_cost_usd": 0.011524828000000003,
    "aubc": 0.24560301507537685,
    "aubc_ci95": [
      0.1498618090452261,
      0.3361871859296483
    ],
    "b_at_50": 0.012959975516393921,
    "b_at_80": null,
    "grid": [
      0.0016411036184935438,
      0.001664659596562789,
      0.0016885536910657226,
      0.0017127907552384298,
      0.0017373757119790885,
      0.0017623135548478928,
      0.0017876093490813108,
      0.0018132682326209076,
      0.0018392954171569387,
      0.0018656961891869116,
      0.0018924759110893613,
      0.0019196400222130192,
      0.0019471940399816273,
      0.0019751435610145993,
      0.0020034942622637864,
      0.0020322519021665404,
      0.002061422321815338,
      0.002091011446144192,
      0.0021210252851320845,
      0.0021514699350236918,
      0.0021823515795676113,
      0.0022136764912723743,
      0.0022454510326804823,
      0.002277681657660725,
      0.0023103749127190674,
      0.002343537438328329,
      0.0023771759702769647,
      0.0024112973410372017,
      0.0024459084811528035,
      0.0024810164206467795,
      0.002516628290449272,
      0.002552751323845961,
      0.002589392857947233,
      0.002626560335178473,
      0.002664261304791719,
      0.0027025034243990244,
      0.0027412944615278346,
      0.0027806422951986713,
      0.0028205549175254942,
      0.002861040435339002,
      0.0029021070718332495,
      0.0029437631682359025,
      0.0029860171855024477,
      0.003028877706034754,
      0.0030723534354242694,
      0.00311645320422026,
      0.003161185969723409,
      0.0032065608178051923,
      0.0032525869647533393,
      0.0032992737591437957,
      0.0033466306837395586,
      0.0033946673574167495,
      0.003443393537118367,
      0.0034928191198360494,
      0.0035429541446203,
      0.003593808794619569,
      0.0036453933991485803,
      0.0036977184357863883,
      0.0037507945325045127,
      0.003804632469825634,
      0.0038592431830132786,
      0.003914637764292914,
      0.003970827465104962,
      0.004027823698390116,
      0.004085638040907475,
      0.004144282235585958,
      0.004203768193909441,
      0.004264107998336184,
      0.0043253139047529305,
      0.004387398344964261,
      0.004450373929217677,
      0.00451425344876491,
      0.004579049878460027,
      0.004644776379394805,
      0.00471144630157194,
      0.00477907318661661,
      0.004847670770527002,
      0.004917252986464272,
      0.004987833967582587,
      0.0050594280498997436,
      0.005132049775209059,
      0.005205713894032994,
      0.005280435368619206,
      0.0053562293759795996,
      0.00543311131097298,
      0.005511096789431999,
      0.0055902016513349395,
      0.005670441964023045,
      0.005751834025464038,
      0.00583439436756245,
      0.005918139759517521,
      0.006003087211229249,
      0.006089253976753347,
      0.0061766575578058,
      0.006265315707317694,
      0.006355246433041124,
      0.006446468001206811,
      0.006538998940234239,
      0.006632858044495054,
      0.006728064378130443,
      0.0068246372789233815,
      0.0069225963622263865,
      0.007021961524945684,
      0.007122752949582572,
      0.0072249911083327395,
      0.007328696767244518,
      0.007433890990436731,
      0.007540595144377133,
      0.007648830902222252,
      0.0077586202482194935,
      0.0078699854821725,
      0.007982949223970547,
      0.008097534418182933,
      0.008213764338719447,
      0.00833166259355751,
      0.008451253129537407,
      0.008572560237226183,
      0.008695608555851395,
      0.008820423078305743,
      0.008947029156223456,
      0.009075452505129578,
      0.009205719209663179,
      0.009337855728875483,
      0.009471888901604138,
      0.009607845951924534,
      0.009745754494679423,
      0.009885642541087892,
      0.010027538504434816,
      0.010171471205842058,
      0.010317469880122426,
      0.010465564181717695,
      0.010615784190721836,
      0.01076816041899073,
      0.010922723816339583,
      0.011079505776829257,
      0.011238538145142873,
      0.011399853223053908,
      0.011563483775987168,
      0.011729463039673921,
      0.011897824726902548,
      0.012068603034366106,
      0.01224183264960815,
      0.01241754875806829,
      0.012595787050228869,
      0.012776583728864217,
      0.012959975516393921,
      0.01314599966234174,
      0.013334693950901463,
      0.013526096708611466,
      0.013720246812139377,
      0.013917183696178469,
      0.01411694736145743,
      0.014319578382865104,
      0.01452511791769182,
      0.014733607713989048,
      0.014945090119048996,
      0.01515960808800599,
      0.015377205192561288,
      0.015597925629833104,
      0.015821814231333695,
      0.01604891647207526,
      0.01627927847980661,
      0.01651294704438236,
      0.016749969627266645,
      0.016990394371173192,
      0.017234270109843845,
      0.01748164637796736,
      0.017732573421240655,
      0.01798710220657444,
      0.018245284432445268,
      0.018507172539396346,
      0.01877281972068886,
      0.019042279933106393,
      0.019315607907914246,
      0.01959285916197621,
      0.019874090009030825,
      0.02015935757112948,
      0.02044871979023879,
      0.02074223544000938,
      0.02103996413771374,
      0.02134196635635527,
      0.021648303436951285,
      0.021959037600992257,
      0.02227423196307984,
      0.02259395054374646,
      0.02291825828245869,
      0.023247221050807503,
      0.023580905665887695,
      0.02391937990386938,
      0.024262712513764374,
      0.024610973231390037,
      0.024964232793533707,
      0.025322562952320278,
      0.025686036489786176,
      0.026054727232662403,
      0.026428710067369784,
      0.026808060955229564,
      0.02719285694789214,
      0.027583176202987496,
      0.027979098000000004
    ],