{
  "n_models": 12,
  "n_tasks_total": 100,
  "n_boot": 2000,
  "subsample_size": 50,
  "baseline_tau_full_100": 0.7575757575757575,
  "bootstrap_tau_mean": 0.7740319576410798,
  "bootstrap_tau_median": 0.7878787878787877,
  "bootstrap_tau_std": 0.05097803820367043,
  "bootstrap_tau_ci95": [
    0.6666666666666666,
    0.8787878787878787
  ],
  "bootstrap_n_nan": 0,
  "subsample50_tau_mean": 0.7739512366761482,
  "subsample50_tau_median": 0.7878787878787877,
  "subsample50_tau_std": 0.05174600975560497,
  "subsample50_tau_ci95": [
    0.6666666666666666,
    0.8787878787878787
  ],
  "subsample50_n_nan": 0,
  "conclusion_zh": "BFCL任务级bootstrap(有放回抽100任务,2000次): tau均值=0.774(std=0.051), 95%区间=[0.667, 0.879]; 不放回抽50任务子样本(2000次): tau均值=0.774(std=0.052), 95%区间=[0.667, 0.879]。两种重采样方案下tau的95%区间下界均不低于0.67,均落在原定的0.6-0.8稳定区间附近(略高于原点估计0.758,说明前100任务并非人为挑出的有利子集,若换用其他50或100任务的随机子集,跨基准正相关的方向与量级都能复现)。"
}